CustomerID,Age,Gender,Income,Purchases,Churn,City
1,56.0,Male,49241.0,2,0,Rajkot
2,46.0,Female,116214.0,23,0,Delhi
3,32.0,Female,64569.0,19,1,Mumbai
4,60.0,Female,31745.0,31,0,Mumbai
5,25.0,Male,46029.0,5,1,Mumbai
6,38.0,Male,33025.0,19,1,Mumbai
7,56.0,Male,121660.0,34,0,Bangalore
8,36.0,Male,143395.0,10,1,Delhi
9,40.0,Male,34288.0,25,0,Rajkot
10,28.0,Male,109186.0,2,1,Rajkot
11,28.0,Male,,11,1,Bangalore
12,41.0,Male,117768.0,31,0,Delhi
13,53.0,Female,101958.0,15,0,Mumbai
14,57.0,Female,88878.0,9,0,Bangalore
15,,Male,61846.0,23,0,Delhi
16,20.0,Male,121148.0,19,0,Mumbai
17,39.0,Female,95932.0,9,1,Bangalore
18,19.0,Male,,35,1,Delhi
19,41.0,Male,43411.0,21,1,Rajkot
20,61.0,Male,70975.0,9,1,Rajkot
21,47.0,Female,80545.0,28,1,Delhi
22,55.0,Female,132302.0,46,1,Rajkot
23,19.0,Female,,7,1,Delhi
24,38.0,Female,72307.0,16,0,Mumbai
25,50.0,Female,23093.0,16,0,Delhi
26,29.0,Male,97258.0,33,1,Mumbai
27,39.0,Female,42042.0,4,1,Bangalore
28,61.0,Male,72930.0,4,0,Delhi
29,42.0,Male,137584.0,39,0,Bangalore
30,44.0,Female,64413.0,40,0,Rajkot
31,59.0,Female,133387.0,17,0,Mumbai
32,45.0,Male,113623.0,37,1,Delhi
33,,Male,117883.0,39,0,Bangalore
34,32.0,Male,53756.0,29,1,Mumbai
35,64.0,Female,73268.0,36,1,Mumbai
36,61.0,Female,59214.0,38,1,Rajkot
37,20.0,Female,101871.0,39,0,Rajkot
38,54.0,Female,147844.0,37,0,Mumbai
39,24.0,Female,48602.0,35,1,Mumbai
40,38.0,Male,73331.0,7,1,Delhi
41,26.0,Female,68901.0,27,1,Mumbai
42,56.0,Male,119986.0,28,0,Delhi
43,35.0,Male,83416.0,22,1,Mumbai
44,21.0,Male,52196.0,14,0,Rajkot
45,42.0,Female,148386.0,7,1,Delhi
46,31.0,Female,25626.0,37,1,Bangalore
47,26.0,Female,27424.0,22,1,Rajkot
48,43.0,Male,32857.0,5,0,Delhi
49,19.0,Male,130459.0,2,0,Delhi
50,37.0,Male,135621.0,27,1,Bangalore
51,,Male,39982.0,21,0,Delhi
52,64.0,Male,96961.0,38,1,Mumbai
53,24.0,Male,21980.0,15,0,Bangalore
54,61.0,Female,68290.0,21,0,Rajkot
55,25.0,Female,,10,0,Rajkot
56,64.0,Female,104976.0,23,1,Mumbai
57,52.0,Female,127288.0,39,0,Rajkot
58,31.0,Male,102711.0,5,0,Delhi
59,34.0,Male,134187.0,1,1,Delhi
60,53.0,Female,46385.0,13,1,Mumbai
61,57.0,Male,58158.0,21,1,Rajkot
62,21.0,Female,43019.0,26,1,Rajkot
63,19.0,Female,38639.0,45,0,Mumbai
64,23.0,Female,105530.0,21,0,Bangalore
65,59.0,Male,119911.0,18,0,Rajkot
66,21.0,Female,41563.0,37,0,Bangalore
67,46.0,Female,59341.0,45,0,Rajkot
68,35.0,Female,135672.0,32,1,Rajkot
69,43.0,Male,25776.0,36,0,Rajkot
70,61.0,Male,56444.0,17,0,Rajkot
71,51.0,Female,88916.0,35,0,Delhi
72,27.0,Male,28711.0,49,1,Bangalore
73,53.0,Male,94318.0,11,1,Bangalore
74,31.0,Male,102970.0,21,0,Rajkot
75,48.0,Male,132301.0,26,1,Rajkot
76,32.0,Male,105553.0,4,1,Bangalore
77,25.0,Male,50707.0,34,1,Delhi
78,31.0,Male,59110.0,48,1,Mumbai
79,40.0,Male,149410.0,18,1,Mumbai
80,,Male,81788.0,40,1,Bangalore
81,38.0,Male,102879.0,35,1,Rajkot
82,33.0,Female,58827.0,41,0,Rajkot
83,62.0,Female,127188.0,29,0,Delhi
84,35.0,Male,25655.0,29,1,Mumbai
85,64.0,Female,64859.0,38,0,Delhi
86,41.0,Female,73625.0,42,0,Mumbai
87,43.0,Male,72098.0,21,1,Bangalore
88,42.0,Male,35251.0,42,0,Mumbai
89,62.0,Male,142413.0,13,1,Delhi
90,58.0,Female,20526.0,49,1,Delhi
91,46.0,Female,,41,1,Delhi
92,,Male,67837.0,17,0,Bangalore
93,62.0,Male,145133.0,9,0,Mumbai
94,18.0,Male,149478.0,41,0,Mumbai
95,42.0,Female,31536.0,1,0,Delhi
96,24.0,Female,48541.0,2,1,Mumbai
97,,Female,99083.0,48,1,Rajkot
98,41.0,Female,71027.0,29,0,Rajkot
99,18.0,Male,54531.0,33,1,Rajkot
100,61.0,Male,28712.0,10,1,Mumbai
101,25.0,Male,124101.0,40,0,Bangalore
102,,Male,85455.0,21,1,Bangalore
103,28.0,Female,94744.0,28,0,Bangalore
104,34.0,Female,141787.0,11,1,Bangalore
105,25.0,Male,149749.0,34,0,Rajkot
106,52.0,Male,25109.0,8,1,Rajkot
107,52.0,Female,141332.0,22,1,Delhi
108,50.0,Male,69268.0,8,0,Mumbai
109,22.0,Female,120737.0,49,0,Mumbai
110,59.0,Male,74615.0,15,0,Bangalore
111,56.0,Male,102503.0,17,0,Rajkot
112,58.0,Male,143274.0,23,1,Bangalore
113,45.0,Male,49759.0,24,1,Delhi
114,24.0,Male,105708.0,45,0,Mumbai
115,26.0,Male,80112.0,19,1,Mumbai
116,25.0,Male,122471.0,5,0,Bangalore
117,,Female,146740.0,32,0,Delhi
118,51.0,Female,143153.0,44,1,Mumbai
119,50.0,Female,46589.0,1,1,Delhi
120,40.0,Female,,23,0,Delhi
121,41.0,Female,,37,0,Bangalore
122,54.0,Male,103309.0,8,0,Rajkot
123,52.0,Male,146446.0,13,1,Bangalore
124,61.0,Female,82046.0,8,1,Rajkot
125,57.0,Male,126661.0,23,1,Delhi
126,39.0,Female,46143.0,43,1,Rajkot
127,44.0,Female,26154.0,1,0,Delhi
128,52.0,Male,41804.0,45,0,Mumbai
129,18.0,Male,61688.0,24,0,Mumbai
130,52.0,Male,84288.0,35,0,Mumbai
131,,Female,71195.0,24,0,Bangalore
132,64.0,Male,40581.0,17,0,Bangalore
133,31.0,Female,72648.0,5,1,Delhi
134,20.0,Female,50087.0,20,1,Mumbai
135,18.0,Female,69930.0,21,0,Bangalore
136,22.0,Male,52981.0,40,0,Mumbai
137,43.0,Male,89298.0,31,1,Bangalore
138,31.0,Female,66167.0,46,1,Rajkot
139,56.0,Male,95304.0,36,1,Rajkot
140,44.0,Male,63408.0,11,1,Mumbai
141,26.0,Male,59499.0,15,0,Delhi
142,32.0,Female,145816.0,19,0,Bangalore
143,32.0,Female,72269.0,7,0,Bangalore
144,43.0,Male,58559.0,28,0,Rajkot
145,59.0,Female,,43,0,Rajkot
146,30.0,Male,94319.0,5,1,Delhi
147,49.0,Male,131925.0,5,0,Delhi
148,56.0,Male,115317.0,30,1,Delhi
149,49.0,Male,116347.0,32,0,Mumbai
150,21.0,Female,68787.0,8,0,Rajkot
151,47.0,Female,55488.0,10,0,Mumbai
152,54.0,Female,94441.0,38,0,Rajkot
153,40.0,Male,94663.0,47,0,Rajkot
154,56.0,Male,42431.0,32,1,Bangalore
155,62.0,Male,81681.0,48,1,Rajkot
156,32.0,Female,83483.0,28,1,Rajkot
157,,Male,142720.0,17,0,Mumbai
158,46.0,Female,69153.0,31,0,Rajkot
159,53.0,Female,26368.0,8,1,Mumbai
160,30.0,Female,47424.0,40,0,Delhi
161,49.0,Female,132360.0,25,0,Rajkot
162,24.0,Female,65004.0,9,1,Rajkot
163,39.0,Female,103869.0,2,0,Mumbai
164,45.0,Male,108652.0,15,1,Delhi
165,19.0,Male,,3,0,Bangalore
166,59.0,Female,76985.0,49,1,Delhi
167,62.0,Female,70069.0,36,0,Mumbai
168,,Male,72326.0,4,0,Delhi
169,45.0,Female,128737.0,14,1,Mumbai
170,45.0,Female,101061.0,41,0,Mumbai
171,61.0,Male,43398.0,41,0,Bangalore
172,61.0,Female,118393.0,25,1,Rajkot
173,37.0,Female,70861.0,10,0,Mumbai
174,47.0,Female,95897.0,21,1,Mumbai
175,28.0,Male,101905.0,36,0,Bangalore
176,45.0,Male,147118.0,12,0,Mumbai
177,42.0,Male,88577.0,27,0,Rajkot
178,56.0,Female,85641.0,40,0,Bangalore
179,50.0,Female,29078.0,2,1,Rajkot
180,18.0,Male,45003.0,13,0,Rajkot
181,44.0,Female,82768.0,32,1,Bangalore
182,30.0,Female,71047.0,31,0,Mumbai
183,58.0,Female,91626.0,16,0,Rajkot
184,20.0,Female,77660.0,32,0,Rajkot
185,56.0,Female,124386.0,32,0,Rajkot
186,23.0,Male,69786.0,34,1,Rajkot
187,25.0,Female,21925.0,11,1,Bangalore
188,44.0,Male,103976.0,10,1,Bangalore
189,26.0,Female,125221.0,15,1,Delhi
190,54.0,Male,137832.0,17,0,Delhi
191,50.0,Female,145150.0,40,1,Rajkot
192,59.0,Male,46015.0,18,1,Mumbai
193,61.0,Female,53320.0,9,0,Rajkot
194,41.0,Male,84881.0,25,0,Mumbai
195,32.0,Female,110827.0,40,0,Rajkot
196,49.0,Male,140071.0,14,0,Delhi
197,49.0,Female,122215.0,25,1,Delhi
198,41.0,Male,,22,1,Mumbai
199,58.0,Male,148859.0,30,0,Rajkot
200,29.0,Female,23389.0,20,0,Mumbai
201,56.0,Female,45683.0,21,0,Delhi
202,19.0,Male,,44,1,Rajkot
203,20.0,Female,81550.0,32,1,Rajkot
204,54.0,Male,44826.0,46,0,Mumbai
205,34.0,Male,,49,0,Bangalore
206,19.0,Male,46630.0,21,1,Mumbai
207,19.0,Female,118762.0,35,0,Delhi
208,45.0,Male,66163.0,32,0,Delhi
209,40.0,Male,118511.0,30,1,Delhi
210,54.0,Female,86435.0,39,0,Delhi
211,49.0,Female,31653.0,49,1,Delhi
212,50.0,Female,47961.0,12,0,Bangalore
213,18.0,Female,,41,0,Rajkot
214,36.0,Male,94137.0,47,1,Mumbai
215,19.0,Male,53662.0,18,1,Mumbai
216,,Male,118818.0,21,0,Delhi
217,43.0,Male,76446.0,13,1,Mumbai
218,49.0,Female,41288.0,21,0,Delhi
219,23.0,Male,142555.0,8,0,Bangalore
220,49.0,Male,115081.0,46,1,Bangalore
221,21.0,Female,56877.0,40,0,Rajkot
222,28.0,Male,131562.0,46,0,Bangalore
223,34.0,Male,35313.0,7,1,Bangalore
224,55.0,Male,100885.0,23,1,Rajkot
225,41.0,Male,92715.0,44,0,Mumbai
226,22.0,Male,30326.0,32,1,Delhi
227,51.0,Male,,11,1,Delhi
228,23.0,Female,145836.0,22,1,Mumbai
229,39.0,Female,21560.0,22,1,Rajkot
230,28.0,Male,99148.0,43,0,Mumbai
231,,Male,103186.0,25,0,Bangalore
232,50.0,Female,46745.0,22,0,Rajkot
233,26.0,Male,51890.0,28,1,Rajkot
234,23.0,Male,40022.0,29,1,Rajkot
235,33.0,Male,143629.0,13,1,Delhi
236,46.0,Female,72579.0,18,1,Mumbai
237,20.0,Male,90316.0,2,1,Rajkot
238,37.0,Female,103847.0,29,1,Rajkot
239,53.0,Male,48380.0,21,1,Rajkot
240,36.0,Female,,15,0,Mumbai
241,43.0,Female,22356.0,27,0,Delhi
242,20.0,Male,90326.0,31,1,Bangalore
243,36.0,Female,112447.0,15,1,Delhi
244,37.0,Male,134994.0,23,1,Rajkot
245,49.0,Female,109899.0,24,0,Delhi
246,24.0,Male,40049.0,44,0,Delhi
247,58.0,Male,95717.0,13,1,Bangalore
248,50.0,Female,125361.0,22,1,Mumbai
249,57.0,Male,36082.0,43,0,Mumbai
250,56.0,Male,20661.0,37,0,Delhi
251,35.0,Female,57412.0,33,0,Delhi
252,57.0,Male,134015.0,3,0,Mumbai
253,18.0,Male,143191.0,19,1,Mumbai
254,28.0,Female,22920.0,23,0,Bangalore
255,45.0,Female,111194.0,29,0,Rajkot
256,42.0,Male,134306.0,30,1,Delhi
257,40.0,Male,80315.0,39,0,Mumbai
258,48.0,Female,99561.0,44,0,Delhi
259,47.0,Female,28946.0,47,0,Delhi
260,59.0,Male,114242.0,25,1,Mumbai
261,,Female,65500.0,37,0,Bangalore
262,24.0,Male,124540.0,47,1,Delhi
263,33.0,Male,36309.0,8,1,Bangalore
264,43.0,Male,,42,0,Mumbai
265,19.0,Male,131822.0,16,0,Rajkot
266,18.0,Male,118656.0,8,0,Rajkot
267,29.0,Female,143782.0,1,0,Delhi
268,22.0,Female,50027.0,44,1,Mumbai
269,54.0,Female,146768.0,5,0,Bangalore
270,49.0,Female,92541.0,3,0,Delhi
271,26.0,Male,132340.0,1,0,Mumbai
272,58.0,Male,134846.0,4,1,Mumbai
273,52.0,Male,79321.0,40,0,Bangalore
274,36.0,Male,20956.0,35,0,Delhi
275,33.0,Female,120375.0,32,1,Mumbai
276,20.0,Male,94131.0,42,1,Mumbai
277,37.0,Male,67908.0,34,0,Mumbai
278,41.0,Female,98339.0,43,0,Bangalore
279,50.0,Female,145659.0,25,0,Delhi
280,41.0,Female,45963.0,10,0,Delhi
281,28.0,Female,121757.0,21,0,Delhi
282,25.0,Male,59443.0,46,1,Delhi
283,53.0,Male,119259.0,39,1,Rajkot
284,55.0,Female,,27,0,Rajkot
285,,Male,134225.0,27,0,Delhi
286,37.0,Male,136400.0,2,1,Bangalore
287,52.0,Male,100818.0,41,0,Rajkot
288,42.0,Female,24703.0,48,0,Mumbai
289,52.0,Male,85128.0,13,0,Rajkot
290,42.0,Female,,9,0,Mumbai
291,46.0,Male,45849.0,36,0,Delhi
292,,Male,51860.0,22,1,Rajkot
293,63.0,Male,51585.0,42,0,Bangalore
294,35.0,Female,42015.0,26,0,Rajkot
295,19.0,Male,97539.0,12,0,Rajkot
296,52.0,Female,63585.0,17,1,Rajkot
297,33.0,Female,46958.0,14,1,Delhi
298,,Female,46017.0,14,1,Bangalore
299,53.0,Male,96707.0,34,1,Rajkot
300,50.0,Male,144677.0,20,0,Bangalore
301,21.0,Male,65350.0,11,1,Delhi
302,50.0,Male,32201.0,16,0,Mumbai
303,31.0,Female,49426.0,31,0,Rajkot
304,38.0,Female,37778.0,6,1,Bangalore
305,37.0,Female,65241.0,19,1,Bangalore
306,25.0,Male,62229.0,37,1,Delhi
307,24.0,Female,106652.0,4,1,Rajkot
308,20.0,Male,148267.0,47,1,Mumbai
309,34.0,Female,138402.0,4,0,Bangalore
310,50.0,Male,68364.0,20,1,Rajkot
311,29.0,Male,118833.0,10,1,Mumbai
312,39.0,Female,146503.0,24,1,Bangalore
313,39.0,Female,149044.0,35,0,Bangalore
314,63.0,Female,104878.0,26,1,Mumbai
315,47.0,Female,77056.0,37,0,Mumbai
316,55.0,Male,47490.0,38,1,Delhi
317,55.0,Female,147769.0,21,1,Rajkot
318,62.0,Female,39975.0,40,0,Rajkot
319,25.0,Female,46723.0,39,1,Delhi
320,,Male,43279.0,21,0,Bangalore
321,44.0,Male,98301.0,10,0,Mumbai
322,51.0,Female,132214.0,38,0,Mumbai
323,38.0,Male,31561.0,46,1,Mumbai
324,47.0,Female,127435.0,4,1,Bangalore
325,50.0,Male,86061.0,45,1,Mumbai
326,,Male,108397.0,20,0,Mumbai
327,64.0,Male,69153.0,17,1,Delhi
328,50.0,Male,53142.0,7,0,Bangalore
329,22.0,Female,46916.0,4,1,Rajkot
330,36.0,Female,84324.0,29,0,Delhi
331,21.0,Female,64965.0,14,0,Delhi
332,52.0,Male,145932.0,3,0,Rajkot
333,34.0,Female,24648.0,24,1,Delhi
334,61.0,Female,55133.0,37,0,Bangalore
335,45.0,Female,70677.0,16,0,Mumbai
336,47.0,Male,116059.0,4,0,Bangalore
337,46.0,Male,114588.0,24,0,Rajkot
338,63.0,Male,119950.0,34,0,Rajkot
339,23.0,Female,118317.0,30,0,Delhi
340,52.0,Female,90135.0,18,1,Bangalore
341,58.0,Female,,19,1,Bangalore
342,54.0,Male,67064.0,31,0,Rajkot
343,41.0,Male,121459.0,19,1,Bangalore
344,46.0,Female,126625.0,49,1,Rajkot
345,63.0,Male,89350.0,46,0,Bangalore
346,48.0,Male,65893.0,19,0,Bangalore
347,52.0,Male,121520.0,22,0,Bangalore
348,50.0,Male,145818.0,24,1,Rajkot
349,38.0,Female,81272.0,45,0,Delhi
350,49.0,Male,112152.0,12,1,Bangalore
351,40.0,Male,142907.0,30,0,Rajkot
352,50.0,Male,87649.0,38,1,Rajkot
353,20.0,Male,,31,0,Bangalore
354,35.0,Female,144132.0,36,0,Bangalore
355,42.0,Female,139044.0,19,1,Delhi
356,59.0,Male,128542.0,48,1,Rajkot
357,48.0,Male,33760.0,45,1,Rajkot
358,20.0,Male,41927.0,36,1,Mumbai
359,57.0,Male,106475.0,30,1,Rajkot
360,63.0,Male,81367.0,49,1,Delhi
361,,Male,117955.0,33,0,Mumbai
362,49.0,Female,32588.0,18,1,Mumbai
363,64.0,Male,141750.0,49,0,Mumbai
364,39.0,Female,121678.0,28,0,Bangalore
365,40.0,Female,124734.0,47,1,Bangalore
366,19.0,Male,138154.0,11,0,Rajkot
367,44.0,Female,72233.0,45,1,Mumbai
368,59.0,Female,64738.0,33,1,Delhi
369,19.0,Female,53397.0,17,0,Bangalore
370,43.0,Female,102189.0,6,0,Delhi
371,34.0,Female,96367.0,4,1,Delhi
372,57.0,Female,144873.0,20,1,Bangalore
373,50.0,Male,91260.0,48,0,Bangalore
374,26.0,Female,140585.0,47,0,Bangalore
375,60.0,Female,96619.0,27,0,Bangalore
376,56.0,Female,131453.0,15,0,Mumbai
377,46.0,Male,39816.0,6,1,Mumbai
378,59.0,Female,62240.0,47,1,Mumbai
379,43.0,Male,26276.0,14,1,Mumbai
380,52.0,Female,133939.0,11,1,Rajkot
381,42.0,Male,124199.0,39,0,Mumbai
382,41.0,Male,99530.0,9,0,Bangalore
383,30.0,Female,43499.0,26,1,Delhi
384,24.0,Female,108576.0,16,1,Mumbai
385,53.0,Male,128856.0,5,1,Rajkot
386,62.0,Female,102495.0,10,1,Bangalore
387,37.0,Male,141717.0,3,1,Delhi
388,18.0,Male,91635.0,13,1,Delhi
389,25.0,Male,,43,1,Mumbai
390,63.0,Male,105112.0,49,1,Delhi
391,33.0,Male,55946.0,30,1,Mumbai
392,31.0,Female,75204.0,45,0,Mumbai
393,29.0,Male,71886.0,6,1,Bangalore
394,40.0,Male,91652.0,17,0,Bangalore
395,32.0,Female,35563.0,45,0,Rajkot
396,45.0,Male,112324.0,19,1,Bangalore
397,51.0,Female,112464.0,42,1,Bangalore
398,19.0,Female,121872.0,35,0,Mumbai
399,49.0,Female,29847.0,46,0,Bangalore
400,40.0,Male,46155.0,26,1,Mumbai
401,39.0,Male,99671.0,5,0,Mumbai
402,42.0,Male,136891.0,29,1,Bangalore
403,39.0,Female,103310.0,37,1,Rajkot
404,39.0,Male,87278.0,20,1,Rajkot
405,59.0,Female,38309.0,49,0,Delhi
406,23.0,Male,20619.0,21,0,Delhi
407,32.0,Female,103194.0,10,1,Bangalore
408,60.0,Male,70108.0,5,0,Rajkot
409,,Male,54707.0,36,0,Mumbai
410,50.0,Male,40337.0,6,0,Delhi
411,25.0,Female,145261.0,26,0,Mumbai
412,61.0,Female,101537.0,4,0,Delhi
413,61.0,Male,86504.0,39,0,Bangalore
414,22.0,Male,67614.0,39,0,Rajkot
415,56.0,Female,111428.0,35,1,Delhi
416,21.0,Female,111155.0,1,0,Rajkot
417,23.0,Female,,24,0,Mumbai
418,62.0,Male,47420.0,36,0,Bangalore
419,49.0,Female,100896.0,6,0,Rajkot
420,47.0,Male,59030.0,41,0,Bangalore
421,64.0,Female,21058.0,46,0,Rajkot
422,52.0,Male,106213.0,44,0,Mumbai
423,57.0,Female,96260.0,31,0,Mumbai
424,33.0,Female,48404.0,20,1,Bangalore
425,30.0,Female,123482.0,24,0,Mumbai
426,59.0,Female,125284.0,25,0,Delhi
427,47.0,Female,49856.0,36,0,Rajkot
428,36.0,Male,29200.0,21,0,Mumbai
429,34.0,Female,84178.0,30,1,Delhi
430,36.0,Female,53997.0,24,1,Bangalore
431,45.0,Female,45611.0,44,1,Delhi
432,43.0,Male,139273.0,42,1,Bangalore
433,54.0,Female,61235.0,30,1,Bangalore
434,43.0,Male,137428.0,22,1,Rajkot
435,40.0,Female,55057.0,28,1,Rajkot
436,26.0,Female,21239.0,7,1,Delhi
437,29.0,Male,123674.0,35,1,Rajkot
438,18.0,Female,134474.0,28,1,Rajkot
439,18.0,Male,85661.0,14,1,Rajkot
440,64.0,Male,146945.0,10,1,Delhi
441,51.0,Female,65272.0,16,1,Mumbai
442,49.0,Male,109393.0,16,1,Rajkot
443,42.0,Female,81212.0,31,1,Rajkot
444,57.0,Female,144088.0,42,1,Delhi
445,62.0,Male,35398.0,25,0,Mumbai
446,18.0,Male,,13,1,Rajkot
447,33.0,Male,76503.0,6,0,Bangalore
448,56.0,Male,26638.0,44,1,Delhi
449,22.0,Female,26570.0,9,1,Rajkot
450,39.0,Female,88785.0,45,0,Rajkot
451,46.0,Male,29110.0,36,1,Bangalore
452,20.0,Female,125899.0,43,0,Bangalore
453,29.0,Female,99141.0,20,0,Delhi
454,,Female,32115.0,18,0,Delhi
455,33.0,Female,59062.0,43,1,Bangalore
456,,Male,42911.0,21,1,Delhi
457,,Male,124061.0,4,1,Bangalore
458,46.0,Female,52556.0,33,0,Rajkot
459,31.0,Male,98131.0,27,0,Bangalore
460,45.0,Male,148335.0,7,1,Bangalore
461,22.0,Male,21969.0,6,1,Mumbai
462,64.0,Female,63753.0,15,1,Bangalore
463,47.0,Female,102811.0,18,1,Bangalore
464,63.0,Female,24470.0,32,1,Mumbai
465,22.0,Male,141863.0,11,0,Delhi
466,29.0,Female,30225.0,20,0,Mumbai
467,33.0,Female,127860.0,24,0,Rajkot
468,43.0,Male,143008.0,15,1,Mumbai
469,43.0,Female,127510.0,48,0,Rajkot
470,38.0,Female,128295.0,7,0,Delhi
471,56.0,Male,43196.0,21,0,Mumbai
472,53.0,Male,125823.0,42,0,Mumbai
473,50.0,Male,33669.0,26,0,Delhi
474,47.0,Female,57380.0,44,1,Rajkot
475,54.0,Female,144398.0,14,0,Mumbai
476,40.0,Female,130677.0,37,1,Rajkot
477,27.0,Male,135886.0,21,1,Mumbai
478,22.0,Male,146753.0,18,1,Bangalore
479,53.0,Female,,5,1,Mumbai
480,51.0,Female,67414.0,3,1,Delhi
481,48.0,Male,123542.0,23,0,Delhi
482,27.0,Male,35577.0,26,0,Rajkot
483,36.0,Male,145354.0,37,1,Mumbai
484,49.0,Male,108009.0,24,1,Rajkot
485,18.0,Female,146365.0,49,1,Rajkot
486,22.0,Male,75409.0,19,0,Bangalore
487,62.0,Female,48625.0,25,1,Bangalore
488,21.0,Female,101040.0,21,0,Delhi
489,33.0,Female,44089.0,12,1,Rajkot
490,41.0,Male,56487.0,41,0,Delhi
491,33.0,Male,85838.0,33,1,Mumbai
492,19.0,Male,116999.0,4,0,Rajkot
493,45.0,Male,,42,1,Rajkot
494,49.0,Female,114795.0,7,0,Mumbai
495,44.0,Male,70138.0,22,0,Mumbai
496,37.0,Male,62823.0,33,0,Delhi
497,41.0,Female,57208.0,17,0,Delhi
498,29.0,Male,74061.0,24,0,Mumbai
499,52.0,Female,50659.0,34,0,Delhi
500,50.0,Female,149824.0,28,0,Mumbai
501,50.0,Female,121376.0,43,1,Rajkot
502,60.0,Female,51890.0,41,1,Rajkot
503,54.0,Female,99134.0,39,1,Bangalore
504,29.0,Female,67055.0,22,1,Rajkot
505,20.0,Female,132269.0,49,1,Mumbai
506,18.0,Female,39508.0,17,0,Delhi
507,50.0,Male,62287.0,34,0,Bangalore
508,57.0,Male,98916.0,6,0,Delhi
509,,Male,46984.0,46,0,Mumbai
510,60.0,Male,130169.0,6,0,Rajkot
511,61.0,Female,28125.0,34,1,Bangalore
512,46.0,Male,56059.0,1,1,Mumbai
513,30.0,Female,89569.0,10,1,Bangalore
514,29.0,Male,123409.0,21,1,Bangalore
515,48.0,Male,37087.0,5,0,Rajkot
516,63.0,Male,126437.0,2,0,Mumbai
517,19.0,Female,135262.0,22,0,Delhi
518,52.0,Male,25704.0,48,1,Bangalore
519,40.0,Female,80576.0,2,0,Bangalore
520,34.0,Female,93384.0,10,1,Delhi
521,43.0,Male,107128.0,34,0,Mumbai
522,25.0,Male,131279.0,16,0,Bangalore
523,46.0,Male,92460.0,48,1,Bangalore
524,43.0,Female,47208.0,39,0,Bangalore
525,27.0,Male,138516.0,22,0,Mumbai
526,43.0,Female,149612.0,12,1,Mumbai
527,51.0,Female,105150.0,24,0,Delhi
528,58.0,Male,86024.0,47,1,Mumbai
529,,Male,59882.0,40,0,Mumbai
530,21.0,Female,45923.0,38,0,Rajkot
531,,Female,146561.0,10,0,Delhi
532,28.0,Female,134044.0,35,0,Bangalore
533,46.0,Male,121477.0,49,0,Mumbai
534,53.0,Female,49165.0,32,0,Bangalore
535,42.0,Male,,7,0,Bangalore
536,38.0,Female,111749.0,21,0,Rajkot
537,53.0,Female,24114.0,20,1,Mumbai
538,27.0,Male,84965.0,26,1,Delhi
539,54.0,Female,,4,0,Mumbai
540,26.0,Male,93297.0,46,0,Bangalore
541,41.0,Male,116652.0,22,1,Delhi
542,52.0,Female,119304.0,15,0,Mumbai
543,52.0,Male,133942.0,40,0,Bangalore
544,53.0,Male,45426.0,21,1,Bangalore
545,35.0,Female,37772.0,15,0,Rajkot
546,56.0,Male,123754.0,22,0,Rajkot
547,49.0,Male,23712.0,28,1,Rajkot
548,41.0,Male,21367.0,14,0,Bangalore
549,,Female,126493.0,27,0,Mumbai
550,49.0,Male,127317.0,41,1,Rajkot
551,54.0,Female,135142.0,40,0,Mumbai
552,29.0,Female,111736.0,28,1,Rajkot
553,30.0,Male,71924.0,26,0,Delhi
554,40.0,Male,23726.0,49,0,Delhi
555,42.0,Male,109152.0,2,1,Rajkot
556,52.0,Female,47723.0,25,1,Bangalore
557,58.0,Male,146969.0,3,0,Rajkot
558,47.0,Male,123110.0,8,1,Rajkot
559,34.0,Male,120494.0,44,1,Bangalore
560,37.0,Male,29108.0,33,0,Delhi
561,42.0,Male,97714.0,42,0,Mumbai
562,39.0,Female,55643.0,35,0,Rajkot
563,30.0,Female,51324.0,6,1,Bangalore
564,36.0,Male,123896.0,39,1,Rajkot
565,53.0,Male,103360.0,23,1,Bangalore
566,29.0,Male,130896.0,25,1,Mumbai
567,58.0,Male,28927.0,43,0,Mumbai
568,36.0,Female,113680.0,19,1,Delhi
569,29.0,Male,116546.0,5,0,Bangalore
570,26.0,Female,42443.0,11,1,Bangalore
571,24.0,Female,99973.0,12,0,Delhi
572,45.0,Male,83449.0,10,0,Delhi
573,31.0,Female,129834.0,8,0,Bangalore
574,48.0,Female,125314.0,24,1,Delhi
575,36.0,Female,96743.0,28,0,Mumbai
576,64.0,Female,141805.0,41,0,Rajkot
577,33.0,Male,80233.0,36,1,Mumbai
578,22.0,Male,45537.0,37,0,Delhi
579,52.0,Female,121293.0,21,1,Bangalore
580,29.0,Male,97576.0,8,1,Bangalore
581,42.0,Male,127522.0,9,0,Mumbai
582,38.0,Male,42612.0,47,0,Bangalore
583,53.0,Male,113977.0,15,1,Delhi
584,40.0,Male,26471.0,48,0,Mumbai
585,33.0,Female,55631.0,46,1,Bangalore
586,56.0,Male,,40,1,Rajkot
587,62.0,Male,128997.0,18,1,Rajkot
588,59.0,Male,112059.0,42,0,Delhi
589,56.0,Male,,20,1,Bangalore
590,31.0,Female,84732.0,6,0,Delhi
591,48.0,Female,21177.0,12,0,Mumbai
592,,Female,24760.0,2,0,Rajkot
593,52.0,Female,52779.0,7,0,Mumbai
594,40.0,Male,,16,1,Bangalore
595,46.0,Female,101889.0,3,0,Delhi
596,60.0,Male,73551.0,45,1,Delhi
597,28.0,Male,31556.0,3,1,Delhi
598,35.0,Male,47598.0,27,0,Mumbai
599,64.0,Male,31563.0,43,1,Rajkot
600,29.0,Male,66819.0,40,1,Mumbai
601,26.0,Female,129326.0,38,0,Mumbai
602,27.0,Female,93770.0,33,1,Bangalore
603,61.0,Female,111055.0,28,1,Bangalore
604,34.0,Female,46966.0,1,1,Bangalore
605,55.0,Male,140133.0,8,1,Rajkot
606,24.0,Female,101709.0,37,0,Rajkot
607,63.0,Male,79889.0,32,1,Bangalore
608,30.0,Female,46987.0,48,1,Bangalore
609,57.0,Male,98714.0,43,1,Rajkot
610,59.0,Male,124874.0,37,1,Delhi
611,26.0,Female,78348.0,4,0,Rajkot
612,44.0,Male,44596.0,30,1,Rajkot
613,19.0,Male,53174.0,6,0,Rajkot
614,22.0,Female,84106.0,46,1,Bangalore
615,46.0,Male,127510.0,19,0,Delhi
616,54.0,Female,89967.0,32,0,Rajkot
617,55.0,Female,79182.0,9,0,Bangalore
618,36.0,Female,113300.0,12,0,Mumbai
619,25.0,Male,107163.0,11,0,Mumbai
620,62.0,Male,59310.0,46,1,Rajkot
621,18.0,Male,76088.0,16,1,Mumbai
622,39.0,Female,148803.0,1,1,Delhi
623,34.0,Male,28906.0,45,0,Mumbai
624,24.0,Female,56914.0,21,1,Mumbai
625,42.0,Female,130350.0,30,0,Delhi
626,62.0,Male,65379.0,13,0,Rajkot
627,21.0,Female,98612.0,34,1,Rajkot
628,53.0,Male,,4,1,Delhi
629,23.0,Male,147445.0,28,0,Delhi
630,48.0,Male,57650.0,38,0,Delhi
631,36.0,Male,66881.0,31,1,Mumbai
632,61.0,Male,66413.0,27,1,Delhi
633,,Female,26012.0,5,1,Bangalore
634,44.0,Female,70115.0,25,1,Mumbai
635,27.0,Female,27151.0,3,0,Rajkot
636,43.0,Male,77716.0,33,1,Rajkot
637,36.0,Male,113747.0,4,1,Rajkot
638,56.0,Male,112653.0,25,1,Mumbai
639,20.0,Female,56378.0,20,0,Bangalore
640,62.0,Male,,34,0,Delhi
641,30.0,Female,92430.0,26,0,Delhi
642,45.0,Female,33467.0,5,0,Rajkot
643,37.0,Male,,35,1,Rajkot
644,45.0,Male,148647.0,28,0,Mumbai
645,25.0,Female,141999.0,29,1,Bangalore
646,58.0,Male,134793.0,9,1,Delhi
647,56.0,Female,74691.0,38,1,Mumbai
648,18.0,Male,84157.0,6,1,Delhi
649,20.0,Male,128177.0,19,0,Rajkot
650,30.0,Female,32289.0,44,0,Delhi
651,45.0,Male,64976.0,11,0,Bangalore
652,42.0,Female,63596.0,2,1,Bangalore
653,50.0,Male,43171.0,47,1,Rajkot
654,55.0,Female,120441.0,44,1,Bangalore
655,23.0,Female,146296.0,44,1,Bangalore
656,61.0,Male,106365.0,9,1,Mumbai
657,62.0,Female,138218.0,21,0,Delhi
658,49.0,Male,119590.0,24,1,Rajkot
659,62.0,Male,134014.0,34,0,Rajkot
660,64.0,Male,64139.0,22,1,Rajkot
661,38.0,Female,68713.0,3,1,Rajkot
662,33.0,Female,49734.0,12,0,Rajkot
663,38.0,Male,92588.0,28,0,Bangalore
664,28.0,Male,,30,1,Mumbai
665,54.0,Female,23654.0,26,1,Rajkot
666,53.0,Male,109022.0,48,1,Mumbai
667,52.0,Male,38743.0,21,1,Mumbai
668,36.0,Female,,28,0,Bangalore
669,37.0,Male,110025.0,26,1,Rajkot
670,35.0,Female,94172.0,33,0,Bangalore
671,64.0,Male,26441.0,21,1,Rajkot
672,58.0,Female,139735.0,35,0,Bangalore
673,31.0,Male,44611.0,34,0,Mumbai
674,32.0,Male,139891.0,41,1,Rajkot
675,48.0,Female,127971.0,47,0,Delhi
676,18.0,Male,32149.0,18,1,Mumbai
677,20.0,Female,120102.0,11,0,Delhi
678,33.0,Male,79189.0,23,1,Mumbai
679,40.0,Female,127904.0,48,0,Bangalore
680,28.0,Female,41675.0,22,1,Rajkot
681,29.0,Female,91031.0,17,1,Mumbai
682,27.0,Female,62668.0,5,0,Bangalore
683,49.0,Male,33673.0,44,0,Rajkot
684,33.0,Male,149582.0,11,0,Rajkot
685,25.0,Female,96666.0,30,0,Mumbai
686,55.0,Female,108204.0,15,1,Rajkot
687,29.0,Female,,27,0,Mumbai
688,41.0,Male,85429.0,35,1,Rajkot
689,45.0,Male,43669.0,33,0,Delhi
690,25.0,Male,54068.0,20,1,Bangalore
691,45.0,Male,108789.0,16,1,Delhi
692,53.0,Female,29435.0,34,1,Mumbai
693,43.0,Female,114088.0,2,1,Delhi
694,25.0,Female,72249.0,35,0,Mumbai
695,45.0,Male,57384.0,40,0,Rajkot
696,45.0,Male,148782.0,28,1,Rajkot
697,54.0,Male,101929.0,47,0,Mumbai
698,58.0,Female,147959.0,39,0,Delhi
699,53.0,Female,96153.0,6,1,Rajkot
700,44.0,Male,124056.0,9,0,Bangalore
701,34.0,Female,95388.0,20,0,Rajkot
702,26.0,Male,51401.0,1,0,Bangalore
703,50.0,Male,145511.0,8,1,Delhi
704,37.0,Female,91831.0,23,0,Bangalore
705,30.0,Male,139503.0,3,1,Bangalore
706,45.0,Female,135760.0,4,0,Bangalore
707,46.0,Male,121529.0,25,0,Bangalore
708,30.0,Female,147834.0,47,0,Rajkot
709,63.0,Female,54084.0,38,1,Bangalore
710,52.0,Female,140387.0,15,1,Rajkot
711,23.0,Male,130641.0,21,0,Bangalore
712,35.0,Male,125111.0,35,1,Mumbai
713,22.0,Female,75826.0,46,0,Delhi
714,64.0,Female,56451.0,14,1,Bangalore
715,42.0,Male,27227.0,36,1,Mumbai
716,19.0,Male,51910.0,12,0,Bangalore
717,27.0,Male,56041.0,17,0,Bangalore
718,47.0,Female,108920.0,39,0,Bangalore
719,62.0,Male,85681.0,9,0,Mumbai
720,22.0,Male,123314.0,35,1,Delhi
721,50.0,Female,101571.0,13,1,Mumbai
722,18.0,Male,85481.0,15,1,Delhi
723,35.0,Male,88576.0,18,0,Bangalore
724,49.0,Male,127958.0,33,0,Rajkot
725,64.0,Female,,6,1,Bangalore
726,28.0,Female,147556.0,27,0,Delhi
727,,Female,84174.0,23,1,Mumbai
728,43.0,Female,46160.0,27,1,Bangalore
729,42.0,Female,135170.0,34,1,Mumbai
730,39.0,Female,137867.0,46,1,Mumbai
731,44.0,Female,37633.0,38,1,Mumbai
732,30.0,Male,114880.0,14,0,Bangalore
733,,Male,37014.0,36,0,Mumbai
734,51.0,Female,100532.0,8,0,Mumbai
735,58.0,Male,69104.0,35,1,Bangalore
736,52.0,Male,,19,1,Mumbai
737,18.0,Female,97231.0,30,1,Bangalore
738,38.0,Male,88388.0,14,1,Delhi
739,23.0,Male,36014.0,20,0,Delhi
740,45.0,Male,112578.0,49,0,Delhi
741,,Male,53755.0,25,1,Mumbai
742,22.0,Male,60390.0,40,1,Rajkot
743,48.0,Female,43711.0,24,1,Rajkot
744,22.0,Female,111658.0,14,0,Mumbai
745,55.0,Female,77993.0,26,0,Rajkot
746,20.0,Male,94696.0,38,0,Bangalore
747,40.0,Female,47213.0,23,1,Rajkot
748,,Male,135788.0,22,1,Mumbai
749,54.0,Male,124956.0,48,0,Mumbai
750,27.0,Male,77784.0,19,1,Bangalore
751,27.0,Male,27421.0,46,0,Delhi
752,36.0,Female,106936.0,3,1,Mumbai
753,34.0,Female,119073.0,42,0,Bangalore
754,38.0,Male,37727.0,19,1,Rajkot
755,31.0,Female,132418.0,9,0,Rajkot
756,26.0,Male,24358.0,28,0,Bangalore
757,63.0,Female,85108.0,20,0,Bangalore
758,18.0,Female,146609.0,45,0,Mumbai
759,,Male,114018.0,7,0,Rajkot
760,30.0,Female,144457.0,14,0,Bangalore
761,21.0,Male,52117.0,9,1,Rajkot
762,18.0,Female,108700.0,19,1,Bangalore
763,57.0,Male,51910.0,47,1,Rajkot
764,49.0,Male,146888.0,14,0,Delhi
765,,Female,118032.0,38,0,Mumbai
766,45.0,Female,75754.0,36,1,Rajkot
767,48.0,Male,82438.0,40,0,Delhi
768,25.0,Female,129847.0,17,0,Rajkot
769,56.0,Female,49371.0,30,0,Rajkot
770,43.0,Male,71501.0,9,0,Delhi
771,51.0,Male,,33,0,Rajkot
772,20.0,Female,58467.0,25,1,Rajkot
773,29.0,Male,37625.0,14,1,Mumbai
774,18.0,Male,53893.0,11,1,Delhi
775,61.0,Male,96329.0,35,1,Delhi
776,22.0,Female,51007.0,41,1,Bangalore
777,47.0,Female,111302.0,14,0,Rajkot
778,47.0,Male,59532.0,30,0,Mumbai
779,34.0,Female,74253.0,41,0,Rajkot
780,64.0,Male,32323.0,4,0,Rajkot
781,40.0,Female,131335.0,4,1,Bangalore
782,32.0,Male,132356.0,28,1,Rajkot
783,54.0,Male,130944.0,8,1,Mumbai
784,,Female,93379.0,2,0,Mumbai
785,31.0,Male,34210.0,41,1,Bangalore
786,19.0,Female,36456.0,46,0,Rajkot
787,28.0,Female,51367.0,22,1,Mumbai
788,56.0,Male,74624.0,41,1,Rajkot
789,55.0,Male,30106.0,16,0,Rajkot
790,51.0,Female,123493.0,29,0,Rajkot
791,55.0,Male,88008.0,49,1,Bangalore
792,51.0,Male,145926.0,48,1,Rajkot
793,35.0,Male,135395.0,30,0,Mumbai
794,47.0,Male,136492.0,12,1,Rajkot
795,32.0,Male,92240.0,35,1,Mumbai
796,44.0,Female,84315.0,11,0,Rajkot
797,51.0,Female,89249.0,46,1,Mumbai
798,55.0,Male,90587.0,21,0,Mumbai
799,50.0,Male,30756.0,21,1,Rajkot
800,41.0,Male,88011.0,5,0,Rajkot
801,32.0,Female,56378.0,48,1,Mumbai
802,47.0,Male,24255.0,20,0,Delhi
803,59.0,Female,34484.0,37,1,Bangalore
804,34.0,Female,145703.0,3,0,Delhi
805,22.0,Female,76549.0,44,1,Delhi
806,46.0,Male,54503.0,33,1,Rajkot
807,21.0,Female,144465.0,9,1,Bangalore
808,27.0,Male,93794.0,9,1,Delhi
809,34.0,Female,145941.0,4,1,Rajkot
810,27.0,Male,126283.0,35,1,Delhi
811,34.0,Female,120732.0,17,1,Delhi
812,37.0,Male,65113.0,34,1,Rajkot
813,41.0,Female,125730.0,24,1,Rajkot
814,22.0,Male,,32,0,Rajkot
815,51.0,Male,,1,0,Bangalore
816,23.0,Male,25249.0,8,1,Delhi
817,,Male,145654.0,45,0,Rajkot
818,30.0,Female,139979.0,23,1,Mumbai
819,60.0,Female,39201.0,47,1,Delhi
820,60.0,Male,145541.0,40,0,Mumbai
821,28.0,Female,78576.0,12,1,Bangalore
822,64.0,Male,138562.0,12,1,Rajkot
823,40.0,Male,145281.0,46,0,Mumbai
824,33.0,Female,29686.0,47,0,Bangalore
825,48.0,Male,132413.0,15,1,Rajkot
826,28.0,Male,73363.0,41,0,Mumbai
827,33.0,Female,,19,0,Mumbai
828,25.0,Male,20661.0,26,1,Bangalore
829,21.0,Male,64843.0,29,0,Rajkot
830,57.0,Male,115673.0,22,0,Rajkot
831,21.0,Male,,40,1,Mumbai
832,42.0,Female,133092.0,21,0,Mumbai
833,20.0,Female,62828.0,38,0,Mumbai
834,49.0,Female,68604.0,20,1,Rajkot
835,20.0,Male,30526.0,29,1,Bangalore
836,44.0,Male,88910.0,4,1,Bangalore
837,46.0,Female,45592.0,7,0,Rajkot
838,49.0,Male,48982.0,28,1,Delhi
839,36.0,Male,20207.0,28,1,Bangalore
840,38.0,Male,120969.0,4,0,Mumbai
841,22.0,Male,137181.0,22,1,Delhi
842,35.0,Female,108733.0,12,1,Delhi
843,45.0,Female,118936.0,45,1,Bangalore
844,59.0,Female,144982.0,3,1,Delhi
845,39.0,Male,145839.0,22,0,Delhi
846,38.0,Female,88619.0,44,1,Bangalore
847,,Female,49328.0,2,1,Bangalore
848,18.0,Male,66479.0,24,0,Delhi
849,22.0,Male,,34,1,Mumbai
850,58.0,Female,40103.0,27,0,Rajkot
851,29.0,Female,59891.0,41,0,Delhi
852,43.0,Female,30754.0,1,0,Delhi
853,63.0,Female,119983.0,8,1,Mumbai
854,51.0,Male,101437.0,23,0,Delhi
855,31.0,Female,118540.0,38,0,Delhi
856,43.0,Female,92982.0,6,0,Rajkot
857,,Male,122747.0,22,1,Rajkot
858,44.0,Female,75922.0,25,1,Rajkot
859,26.0,Male,68231.0,18,1,Bangalore
860,43.0,Male,49301.0,17,1,Bangalore
861,64.0,Male,111652.0,12,1,Rajkot
862,,Female,140787.0,6,1,Rajkot
863,64.0,Female,146823.0,26,1,Bangalore
864,47.0,Male,82711.0,27,0,Mumbai
865,60.0,Female,61323.0,8,0,Delhi
866,34.0,Female,38752.0,19,0,Delhi
867,43.0,Male,117912.0,42,0,Rajkot
868,53.0,Male,102205.0,1,1,Mumbai
869,18.0,Female,118452.0,29,0,Bangalore
870,25.0,Male,33395.0,45,0,Rajkot
871,52.0,Female,105957.0,49,0,Mumbai
872,32.0,Female,141237.0,35,0,Mumbai
873,64.0,Female,76273.0,40,1,Mumbai
874,39.0,Female,147431.0,14,1,Bangalore
875,31.0,Male,111878.0,35,1,Bangalore
876,43.0,Male,24895.0,48,0,Delhi
877,45.0,Male,139968.0,45,1,Delhi
878,40.0,Male,135700.0,20,0,Mumbai
879,31.0,Female,96559.0,49,1,Mumbai
880,41.0,Female,30699.0,13,1,Bangalore
881,19.0,Male,85061.0,38,1,Delhi
882,62.0,Female,29715.0,49,1,Mumbai
883,43.0,Female,39169.0,46,1,Delhi
884,31.0,Female,145436.0,49,0,Delhi
885,24.0,Male,138413.0,8,1,Mumbai
886,20.0,Male,36163.0,43,0,Bangalore
887,64.0,Male,139264.0,20,0,Mumbai
888,40.0,Female,25782.0,33,0,Mumbai
889,63.0,Male,108177.0,26,0,Delhi
890,60.0,Male,149772.0,39,0,Mumbai
891,64.0,Male,144481.0,21,1,Bangalore
892,,Male,104328.0,49,1,Mumbai
893,35.0,Male,135028.0,42,1,Bangalore
894,55.0,Male,55585.0,43,1,Bangalore
895,52.0,Female,50682.0,41,0,Delhi
896,32.0,Female,67864.0,9,1,Rajkot
897,42.0,Male,149992.0,24,1,Rajkot
898,54.0,Male,104416.0,37,0,Delhi
899,45.0,Female,75114.0,49,0,Mumbai
900,27.0,Female,147810.0,41,1,Delhi
901,56.0,Male,58067.0,17,1,Bangalore
902,34.0,Male,62685.0,24,0,Rajkot
903,56.0,Male,142262.0,21,1,Delhi
904,39.0,Male,38073.0,39,1,Mumbai
905,43.0,Female,56035.0,41,1,Delhi
906,61.0,Male,84977.0,39,1,Rajkot
907,,Male,122710.0,13,0,Delhi
908,,Male,110373.0,11,0,Delhi
909,,Male,103362.0,46,0,Rajkot
910,37.0,Female,110517.0,19,1,Bangalore
911,42.0,Female,85450.0,11,1,Bangalore
912,21.0,Female,,13,1,Rajkot
913,27.0,Male,24437.0,46,1,Delhi
914,20.0,Male,90971.0,45,1,Rajkot
915,58.0,Female,84612.0,1,0,Bangalore
916,62.0,Male,110355.0,40,1,Mumbai
917,35.0,Male,81929.0,44,1,Delhi
918,64.0,Female,122411.0,19,0,Bangalore
919,53.0,Female,117518.0,12,1,Delhi
920,64.0,Female,118864.0,8,0,Rajkot
921,39.0,Female,32329.0,8,0,Mumbai
922,51.0,Male,145605.0,45,0,Rajkot
923,64.0,Male,45169.0,12,0,Mumbai
924,25.0,Female,107468.0,48,0,Delhi
925,57.0,Male,54594.0,33,1,Delhi
926,61.0,Female,96957.0,45,0,Rajkot
927,36.0,Female,80631.0,26,0,Mumbai
928,59.0,Male,65033.0,39,1,Mumbai
929,58.0,Female,83133.0,28,1,Delhi
930,54.0,Male,93165.0,5,0,Rajkot
931,23.0,Male,,8,1,Mumbai
932,43.0,Male,72290.0,25,1,Delhi
933,51.0,Male,114031.0,27,0,Bangalore
934,62.0,Female,,46,0,Rajkot
935,23.0,Male,115155.0,23,1,Bangalore
936,54.0,Female,60461.0,30,0,Rajkot
937,50.0,Female,93800.0,45,0,Delhi
938,39.0,Female,98222.0,47,1,Mumbai
939,38.0,Female,132020.0,23,0,Mumbai
940,23.0,Male,44226.0,49,0,Mumbai
941,23.0,Male,26721.0,47,0,Rajkot
942,21.0,Female,76154.0,20,0,Delhi
943,47.0,Female,40609.0,18,0,Bangalore
944,28.0,Male,72130.0,18,1,Delhi
945,47.0,Female,92909.0,2,1,Bangalore
946,48.0,Male,124211.0,4,0,Rajkot
947,,Female,75249.0,30,1,Rajkot
948,26.0,Male,68895.0,33,0,Bangalore
949,20.0,Female,114473.0,36,0,Bangalore
950,48.0,Female,25656.0,18,0,Bangalore
951,57.0,Male,144865.0,37,0,Delhi
952,54.0,Female,94520.0,19,0,Bangalore
953,53.0,Female,83740.0,47,1,Rajkot
954,,Male,84309.0,28,1,Rajkot
955,48.0,Female,49984.0,40,0,Mumbai
956,23.0,Male,138947.0,20,1,Bangalore
957,19.0,Male,93822.0,49,0,Delhi
958,37.0,Female,25901.0,33,1,Delhi
959,45.0,Female,51552.0,12,0,Delhi
960,28.0,Female,111245.0,15,1,Mumbai
961,21.0,Female,51055.0,41,0,Rajkot
962,32.0,Female,57685.0,39,0,Delhi
963,,Female,93965.0,2,1,Rajkot
964,47.0,Female,34716.0,29,1,Mumbai
965,55.0,Male,134099.0,41,0,Bangalore
966,19.0,Female,31138.0,10,1,Bangalore
967,32.0,Male,55298.0,2,0,Bangalore
968,28.0,Female,,11,1,Delhi
969,25.0,Female,43429.0,13,1,Bangalore
970,43.0,Male,70200.0,10,0,Delhi
971,62.0,Female,91308.0,14,1,Mumbai
972,61.0,Female,68244.0,18,1,Mumbai
973,22.0,Male,,9,0,Delhi
974,,Female,134055.0,39,1,Rajkot
975,43.0,Female,121268.0,28,0,Bangalore
976,21.0,Female,125441.0,3,0,Bangalore
977,36.0,Male,37347.0,20,0,Bangalore
978,37.0,Female,36920.0,6,0,Delhi
979,50.0,Female,51822.0,27,0,Mumbai
980,37.0,Female,66659.0,2,1,Bangalore
981,29.0,Female,60108.0,29,0,Mumbai
982,,Male,,38,0,Bangalore
983,18.0,Male,109099.0,3,1,Bangalore
984,43.0,Female,27967.0,16,1,Delhi
985,31.0,Female,130719.0,30,1,Rajkot
986,55.0,Male,31871.0,40,0,Delhi
987,54.0,Male,114299.0,2,0,Bangalore
988,28.0,Female,97452.0,17,0,Bangalore
989,53.0,Male,94270.0,41,1,Rajkot
990,30.0,Female,53613.0,12,0,Mumbai
991,60.0,Male,48179.0,35,1,Mumbai
992,20.0,Male,140465.0,43,0,Bangalore
993,50.0,Male,72188.0,1,1,Mumbai
994,23.0,Male,75099.0,45,0,Bangalore
995,27.0,Female,55262.0,15,0,Rajkot
996,22.0,Male,98213.0,26,0,Rajkot
997,40.0,Male,137407.0,37,1,Bangalore
998,27.0,Female,38268.0,21,1,Rajkot
999,61.0,Male,97866.0,49,0,Delhi
1000,19.0,Male,106269.0,31,0,Delhi
3,32.0,Female,64569.0,19,1,Mumbai
792,51.0,Male,145926.0,48,1,Rajkot
349,38.0,Female,81272.0,45,0,Delhi
365,40.0,Female,124734.0,47,1,Bangalore
632,61.0,Male,66413.0,27,1,Delhi
53,24.0,Male,21980.0,15,0,Bangalore
908,,Male,110373.0,11,0,Delhi
475,54.0,Female,144398.0,14,0,Mumbai
257,40.0,Male,80315.0,39,0,Mumbai
783,54.0,Male,130944.0,8,1,Mumbai
489,33.0,Female,44089.0,12,1,Rajkot
428,36.0,Male,29200.0,21,0,Mumbai
507,50.0,Male,62287.0,34,0,Bangalore
374,26.0,Female,140585.0,47,0,Bangalore
465,22.0,Male,141863.0,11,0,Delhi
342,54.0,Male,67064.0,31,0,Rajkot
801,32.0,Female,56378.0,48,1,Mumbai
873,64.0,Female,76273.0,40,1,Mumbai
733,,Male,37014.0,36,0,Mumbai
962,32.0,Female,57685.0,39,0,Delhi
625,42.0,Female,130350.0,30,0,Delhi
660,64.0,Male,64139.0,22,1,Rajkot
918,64.0,Female,122411.0,19,0,Bangalore
290,42.0,Female,,9,0,Mumbai
742,22.0,Male,60390.0,40,1,Rajkot
288,42.0,Female,24703.0,48,0,Mumbai
243,36.0,Female,112447.0,15,1,Delhi
249,57.0,Male,36082.0,43,0,Mumbai
925,57.0,Male,54594.0,33,1,Delhi
22,55.0,Female,132302.0,46,1,Rajkot
647,56.0,Female,74691.0,38,1,Mumbai
719,62.0,Male,85681.0,9,0,Mumbai
235,33.0,Male,143629.0,13,1,Delhi
467,33.0,Female,127860.0,24,0,Rajkot
407,32.0,Female,103194.0,10,1,Bangalore
576,64.0,Female,141805.0,41,0,Rajkot
448,56.0,Male,26638.0,44,1,Delhi
111,56.0,Male,102503.0,17,0,Rajkot
454,,Female,32115.0,18,0,Delhi
589,56.0,Male,,20,1,Bangalore
909,,Male,103362.0,46,0,Rajkot
802,47.0,Male,24255.0,20,0,Delhi
944,28.0,Male,72130.0,18,1,Delhi
868,53.0,Male,102205.0,1,1,Mumbai
905,43.0,Female,56035.0,41,1,Delhi
153,40.0,Male,94663.0,47,0,Rajkot
202,19.0,Male,,44,1,Rajkot
38,54.0,Female,147844.0,37,0,Mumbai
190,54.0,Male,137832.0,17,0,Delhi
484,49.0,Male,108009.0,24,1,Rajkot
